,Location,
0,AEC,
1,AECC_CSWS,
2,AECC_ELKINS,
3,AECC_FITZHUGH,
4,AECC_FLTCREEK,
5,AECC_FULTON,
6,AECC_HYDRO13,
7,AECC_JWTURK,
9,AEPM_CSWS,
12,ANTELOPE,
13,BBA,
14,BCA,
15,BEPM_RM_NPPD,
16,BEPM_TS_NPPD,
18,BLUECANYON2,
19,BLUECANYON5,
20,BLUECANYON6,
21,BRAZ,
22,BUBA,
23,BUFFALO_DUNES_WIND,
24,CANADIAN_HILLS_1,
25,CANADIAN_HILLS_2,
26,CANADIAN_HILLS_3,
27,CANADIAN_HILLS_4,
28,CANADIAN_HILLS_5,
29,CANEY_RIVER_WINDPOWER,
30,CASS_CO_1,
31,CASS_CO_2,
33,COFFEYVILLE_7,
34,COWP,
35,COWP_GEN1,
36,COWP_GEN2,
37,CPLE,
38,CPLW,
39,CROSSROADS1,
40,CROSSROADS2,
41,CROSSROADS3,
42,CROSSROADS4,
43,CRTH_SPA,
44,CSWARSENALHILL5,
45,CSWCOMANCHE1,
46,CSWETTURK,
47,CSWFLINTCREEK1,
48,CSWJLSTALL,
49,CSWKNOXLEE5,
50,CSWLIEBERMAN3,
51,CSWLIEBERMAN4,
52,CSWMATTISON1,
53,CSWMATTISON2,
54,CSWMATTISON3,
55,CSWMATTISON4,
56,CSWMSTURK,
57,CSWNARROWS1,
58,CSWNORTHEASTERN1,
59,CSWNORTHEASTERN2,
60,CSWNORTHEASTERN3,
61,CSWPIRKEY1,
62,CSWRIVERSIDE1,
63,CSWRIVERSIDE2,
64,CSWRIVERSIDE3,
65,CSWRIVERSIDE4,
66,CSWS.7CBY.7CBYWIND,
67,CSWS.AECC.DRIFTSAND,
68,CSWS.AECC.WILDHORSE,
69,CSWS.EKCW.EKCW,
70,CSWS.ELK2.ELKCITY2,
71,CSWS.FPLP.RSES.MSR,
72,CSWS.HCPP.RBPW,
73,CSWS.NUEN.CDL1,
74,CSWS.NUEN.CSI1,
75,CSWS.NUEN.CSI2,
76,CSWS.NUEN.CSI3,
77,CSWS.NUEN.GAZA,
78,CSWS.NUEN.MDT1,
79,CSWS.NUEN.T201,
80,CSWS.OMPA.TURK,
81,CSWS.RSPA.RUSHSPRWNDA,
82,CSWS.RSPB.RUSHSPRWNDB,
83,CSWS.TNSK.CADO,
84,CSWS.TNSK.ELKCITY2,
85,CSWS.TNSK.GATEWAY,
86,CSWS.TNSK.GREENCOUNTRY,
87,CSWS.TNSK.GREENCOUNTRY2,
88,CSWS.TNSK.GREENCOUNTRY3,
89,CSWS.TNSK.KIAPB1,
90,CSWS.TNSK.KIAPB2,
91,CSWS.VOLT.0003,
92,CSWS.VOLT.0004,
93,CSWS.VOLT.0044,
94,CSWS.VOLT.0050,
95,CSWS.VOLT.0051,
96,CSWS.VOLT.0053,
97,CSWS.VOLT.0055,
98,CSWS.VOLT.0056,
99,CSWS.VOLT.0057,
100,CSWS.VOLT.0060,
101,CSWS.VOLT.0076,
102,CSWS.VOLT.0077,
103,CSWS.VOLT.0078,
104,CSWS.VOLT.0079,
105,CSWS.VOLT.0080,
106,CSWS.VOLT.0081,
107,CSWS.VOLT.0082,
108,CSWS.VOLT.0083,
109,CSWS.VOLT.0084,
110,CSWS.VOLT.0086,
111,CSWS.VOLT.0089,
112,CSWS.VOLT.0090,
113,CSWS.VOLT.0091,
114,CSWS.VOLT.0092,
115,CSWS.VOLT.0114,
116,CSWS.VOLT.0121,
117,CSWS.VOLT.0122,
118,CSWS.VOLT.0124,
119,CSWS.VOLT.0135,
120,CSWS.VOLT.0144,
121,CSWS.VOLT.0145,
122,CSWS.VOLT.0162,
123,CSWS.VOLT.0164,
124,CSWS.VOLT.0175,
125,CSWS.VOLT.0178,
126,CSWS.VOLT.0193,
127,CSWS.VOLT.0201,
128,CSWS.VOLT.0202,
129,CSWS.VOLT.0203,
130,CSWS.VOLT.0204,
131,CSWS.VOLT.0205,
132,CSWS.VOLT.0206,
133,CSWS.WRWE.EAST,
134,CSWS.WRWW.WEST,
135,CSWS.WTHW.WTHW,
136,CSWSEASTMAN,
137,CSWSLEEPINGBEAR,
138,CSWSOUTHWESTERN1,
139,CSWSOUTHWESTERN2,
140,CSWSOUTHWESTERN3,
141,CSWSOUTHWESTERN4,
142,CSWSOUTHWESTERN5,
143,CSWSWTURK,
144,CSWS_ETEC_LOAD,
145,CSWS_OMPA_PIRKEY,
146,CSWTULSA2,
147,CSWTULSA4,
148,CSWWELEETKA4,
149,CSWWELEETKA5,
150,CSWWELSH1,
151,CSWWELSH3,
152,CSWWILKES1,
153,CSWWILKES2,
154,CSWWILKES3,
155,DEMPSEY_RIDGE_WIND,
156,DENL,
157,DERS,
158,DOE,
159,DOGWOOD,
161,DUK,
163,EDE.KINGSPOINT,
164,EDE.NEOSHORDGE,
165,EDE.NORTHFORK,
166,EDE.SLCC,
167,EDEP_SWMPEPHUB,
168,EDE_EC_01,
169,EDE_EC_02,
170,EDE_EC_03,
171,EDE_EC_04,
172,EDE_EDE,
173,EDE_ERW,
174,EDE_MWW,
175,EDE_OZD_5,
176,EDE_OZD_6,
177,EDE_OZD_7,
178,EDE_OZD_8,
179,EDE_PLUMPOINT,
180,EDE_RIV_10,
181,EDE_RIV_11,
182,EDE_RIV_12,
183,EDE_SL_01,
184,EDE_SWMP,
185,EEI,
187,EKC.SFEC.SFEC,
190,FLAT_WATER,
191,FMPP,
192,FPC,
193,FPL,
194,FREM_50T,
195,FREM_6,
196,FREM_7,
197,FREM_8,
198,FREM_LOAD,
199,FRONTIER,
200,GATEWAY_LOAD,
201,GATEWAY_PLANT,
202,GOODWELL_WIND,
203,GRDA.BRECK,
204,GRDA.COFF10,
205,GRDA.COFF8,
206,GRDA.COFF9,
207,GRDA.GREC2,
208,GRDA.GREC2AUX,
209,GRDA.GREC3,
210,GRDA.GREC3AUX,
211,GRDA.KAY,
212,GRDA.SEC1,
213,GRDA.SEC2,
214,GRDA.SEC3,
215,GRDA.VOLT.0130,
216,GRDAHUB2,
217,GRDAHUB3,
218,GRDA_GRDA,
219,GRDA_HUB,
220,GRDA_HUBSA,
221,GRDA_PUMP,
223,GSEC_GL_CSWS,
224,GSEC_SPS,
225,GSPR2014HUB,
226,GSPR2015HUB,
227,GSPWR,
228,HARRISON,
229,HAST_TNSK_HUB,
230,HQST,
231,HST,
232,INDNSUB_H_5,
233,INDNSUB_H_6,
234,INDNSUB_I_3,
235,INDNSUB_I_4,
236,INDNSUB_J_1,
237,INDNSUB_J_2,
238,INDN_INDN,
239,INDN_MWE_SMKY2,
240,ISNE,
241,JEA,
242,JONES_STREET_1,
243,JONES_STREET_2,
244,KACYBOWERSOCK,
245,KACYCT4,
246,KACYLFG,
247,KACYNEARMANUN1,
248,KACYQUIND1UNGT2,
249,KACYQUIND1UNGT3,
250,KACY_KACY,
251,KCPL.HAW10,
252,KCPL.MEUC.HIG4,
253,KCPL.PRQUEEN,
254,KCPL.SLATECREEK,
255,KCPL.VOLT.0007,
256,KCPL.VOLT.0010,
257,KCPL.VOLT.0011,
258,KCPL.VOLT.0012,
259,KCPL.VOLT.0088,
260,KCPL.VOLT.0097,
261,KCPL.VOLT.0099,
262,KCPL.VOLT.0100,
263,KCPL.VOLT.0107,
264,KCPL.WAVERLYWND,
265,KCPLBULLCRK5UNWGR1,
266,KCPLBULLCRK5UNWGR2,
267,KCPLBULLCRK5UNWGR3,
268,KCPLBULLCRK5UNWGR4,
269,KCPLHAWTHORN6,
270,KCPLHAWTHORNUNHAW5,
271,KCPLHUB,
272,KCPLHUB17,
273,KCPLHUB18,
274,KCPLHUB19,
275,KCPLHUB20,
276,KCPLHUB21,
277,KCPLHUB22,
278,KCPLHUB23,
279,KCPLIATANUNIAT1,
280,KCPLIATANUNIAT2,
281,KCPLLACYGNEUNLAC1,
282,KCPLLACYGNEUNLAC2,
283,KCPLLEVEEUNHAW7,
284,KCPLLEVEEUNHAW8,
285,KCPLNRTHEASTUNNE11,
286,KCPLNRTHEASTUNNE12,
287,KCPLNRTHEASTUNNE13,
288,KCPLNRTHEASTUNNE14,
289,KCPLNRTHEASTUNNE15,
290,KCPLNRTHEASTUNNE16,
291,KCPLNRTHEASTUNNE17,
292,KCPLNRTHEASTUNNE18,
293,KCPLPAOLAUNOSA1,
294,KCPL_GMOC_HUB,
295,KCPL_KCPL,
296,KENN,
297,KEP2_SECI,
298,KERR_1,
299,KERR_2,
300,KERR_3,
301,KERR_4,
302,KMEA_EMP1_BALD7,
303,KMEA_EMP1_BALD8,
304,KMEA_EMP1_GARD1,
305,KMEA_EMP1_GARD2,
306,KMEA_EMP1_KCPL,
307,KMEA_EMP1_OTTA6,
308,KMEA_EMP1_OTTA7,
309,KMEA_EMP2_GARC1,
310,KMEA_EMP2_GARC2,
311,KMEA_EMP2_GARC3,
312,KMEA_EMP2_RUSS1,
313,KMEA_EMP2_RUSS2,
314,KMEA_EMP2_SECI,
315,KMEA_EMP2_WPEK,
316,KMEA_EMP3_CHAP12,
317,KMEA_EMP3_GIRA6,
318,KMEA_EMP3_GIRA7,
319,KMEA_EMP3_HOLT12,
320,KMEA_EMP3_HOLT13,
321,KMEA_EMP3_HOLT8,
322,KMEA_EMP3_JETM8,
323,KMEA_EMP3_STER3,
324,KMEA_EMP3_WR,
325,KMEA_EUDORA,
326,LAFA,
328,LEPA,
329,LES_JSTREET,
330,LES_LES,
331,LES_LFG_1,
332,LES_ROKEBY_1,
333,LES_ROKEBY_2,
334,LES_ROKEBY_3,
335,LES_TBGS_CC1,
336,LES_TBGS_CT4,
337,LES_WSEC_3,
338,LES_WSEC_4,
339,LGEE,
340,MALDEN,
343,MEANACJ_NPPD,
344,MEAN_FCU_OPPD,
345,MEAN_NCU_OPPD,
346,MEAN_NPPD,
348,MHEB,
349,MIDW.INV.BKEYE,
350,MIDW.KACY.ALEX,
351,MIDW.KMEA.BKEYE,
352,MIDW.LES.BKEYE,
353,MIDW.NJAL.ALEX,
354,MINCOIII,
356,MKECCIM_UN1,
357,MKECCIM_UN2,
358,MKECCLIFTON_UN1,
359,MKECJUDLR_UN4,
360,MKECMULGRN_UN3,
361,MKECSHOOTSTAR,
362,MKEC_KPP,
363,MKEC_KPP_GBURG,
364,MKEC_KP_KINGIC4,
365,MKEC_KP_KINGIC6,
366,MKEC_KP_KINGIC7,
367,MKEC_KP_KINGIC8,
368,MKEC_KP_KINGIC9,
369,MO.AE.CHIL2.MP,
370,MO.AM.FRED1.MP,
371,MO.AM.FRED2.MP,
372,MO.AM.LADD.MP,
373,MO.KC.MARS6.MP,
374,MOWR,
375,MOWR_MOPEPAECI,
376,MOWR_MOPEPAMMO,
377,MPS.AMUE.OUTLAW,
378,MPS.OSBORN,
379,MPS.PRATT,
380,MPS.ROCKCREEK,wind
381,MPSGRNWD1UN1,
382,MPSGRNWD1UN2,
383,MPSGRNWD1UN3,
384,MPSGRNWD1UN4,
385,MPSLAKE_RDUN1,
386,MPSLAKE_RDUN2,
387,MPSLAKE_RDUN3,
388,MPSLAKE_RDUN4,
389,MPSLAKE_RDUN5,
390,MPSLAKE_RDUN6,
391,MPSLAKE_RDUN7,
392,MPSNEVADAUN1,
393,MPSRGREENUN3,
394,MPSSHARPER_UN1,
395,MPSSHARPER_UN2,
396,MPSSHARPER_UN3,
397,MPSTWA1UN1,
398,MPSTWA1UN2,
399,MPS_MPS,
400,MSTNG,
401,MSTNG4,
402,MSTNG5,
403,MSTNG6,
404,NBSO,
405,NEBRASKA_CITY_1,
406,NEBRASKA_CITY_2,
407,NEE_MAJESTIC2,
408,NHC1,
409,NORTH_OMAHA_3,
410,NORTH_OMAHA_4,
411,NORTH_OMAHA_5,
412,NPPD.BRPS.CTNWD,
413,NPPD.EAGL.MILL,
414,NPPD.ETNA.ASSET2,
415,NPPD.FREM.CTNWD1,
416,NPPD.HUB.PY2018,
417,NPPD.HUB.PY2019,
418,NPPD.HUB.PY2020,
419,NPPD.HUB.PY2021,
420,NPPD.HYST.HYST,
421,NPPD.KCPL.JFY1,
422,NPPD.KCPL.JFY2,
423,NPPD.KCPL.JHN2,
424,NPPD.KCPL.JN11,
425,NPPD.KCPL.JN12,
426,NPPD.LBLU.LBLU,
427,NPPD.LCE.PLMCK,
428,NPPD.LES.PRBRZ,
429,NPPD.MEAN.CTWD3SSCY,
430,NPPD.MEAN.JHN2,
431,NPPD.MEAN.JN11,
432,NPPD.MEAN.JN12,
433,NPPD.NELI.BDR,
434,NPPD.NELI.DDR,
435,NPPD.OPPD.CTNWDBTRC,
436,NPPD.OPPD.SHOL,
437,NPPD.TECH.1,
438,NPPD.THWE.THW1,
439,NPPD.THWE.THW2,
440,NPPD.UPSR.UPSR,
441,NPPD2017HUB,
442,NPPD_ADMCOGEN,
443,NPPD_AINSWIND,
444,NPPD_BBW1,
445,NPPD_BBW2,
446,NPPD_BPS,
447,NPPD_BPWN_NPPD,
448,NPPD_BRPS_LOAD1,
449,NPPD_CANADAY,
450,NPPD_COLUMBS_1,
451,NPPD_COLUMBS_2,
452,NPPD_COLUMBS_3,
453,NPPD_COMB_WEC2,
454,NPPD_COOPR,
455,NPPD_COSN_NPPD,
456,NPPD_CRFTNWIND,
457,NPPD_ELKHNWIND,
458,NPPD_GGS1,
459,NPPD_GGS2,
460,NPPD_GRIS_GT1,
461,NPPD_GRIS_GT2,
462,NPPD_GRIS_GT3,
463,NPPD_GRIS_LD,
464,NPPD_GRIS_PB3,
465,NPPD_GRIS_PGS1,
466,NPPD_HALLAM,
467,NPPD_HAST_DHPC,
468,NPPD_HAST_LOAD,
469,NPPD_HAST_NDS4,
470,NPPD_HAST_NDS5,
471,NPPD_HAST_W2AX,
472,NPPD_HAST_WEC1,
473,NPPD_HCPD_VLTN,
474,NPPD_HEBRON,
475,NPPD_KINGSLEY,
476,NPPD_LAREDO,
477,NPPD_MCCOOK,
478,NPPD_MEAN_SCRI,
479,NPPD_NELI_LD,
480,NPPD_NPLATTE_1,
481,NPPD_NPLATTE_2,
482,NPPD_NPPD,
483,NPPD_SHLD_1,
484,NPPD_SHLD_2,
485,NPPD_STLFTW,
486,NPPD_UGPM_NEIRRG,
487,NSB,
489,NSSO,
490,NYIS,
491,OKGE.25MC.25MC,
492,OKGE.AECC.CHISHOLM2,
493,OKGE.AFGE.AFGE100,
494,OKGE.AFGE.AFNEM1,
495,OKGE.BALKO.WIND.1,
496,OKGE.CCCO.COGEN,
497,OKGE.CSWS.RFWIND,
498,OKGE.CU.DUK.FRNTR,
499,OKGE.EAGL.RFWIND,
500,OKGE.ETEC.GCW,
501,OKGE.FRONTIER,
502,OKGE.FRT2.FRT2,
503,OKGE.GBST.BLUESTEM,
504,OKGE.GDSM.MINCO4,
505,OKGE.GGWT.GREATWESTERN,
506,OKGE.GLAS.GLAS,
507,OKGE.GRANTPLNS.WIND.1,
508,OKGE.GRDA.REDDIRT,
509,OKGE.HHW.HORIZON,
510,OKGE.KINGFISHER.WIND.1,
511,OKGE.LES.ARBKL,
512,OKGE.MNCI.MNCI,
513,OKGE.NTEC.GCW,
514,OKGE.OKGE.MT10,
515,OKGE.OKGE.MT11,
516,OKGE.OKGE.MT12,
517,OKGE.OKGE.MT6,
518,OKGE.OKGE.MT7,
519,OKGE.OKGE.MT8,
520,OKGE.OKGE.MT9,
521,OKGE.OMPA.GRANTWIND,
522,OKGE.OMPA.INDNHYDRO,
523,OKGE.PCW1.PCW1,
524,OKGE.PNDA.PNDA,
525,OKGE.RCKW.RCKWIND,
526,OKGE.RDRT.REDDIRT,
527,OKGE.RIVERVALLEY,
528,OKGE.SC.WR.1,
529,OKGE.SC.WR.2,
530,OKGE.SC.WR.3,
531,OKGE.SC.WR.4,
532,OKGE.SDWE.SDWE,
533,OKGE.SUEZ.KPLN,
534,OKGE.SWCV.CV,
535,OKGE.TNDR.THUNDERRANCH1,
536,OKGE.TNDR.THUNDERRANCH2,
537,OKGE.TNSK.DSW,
538,OKGE.TRWE.TRWE,
539,OKGE.TRWE.TRWE2,
540,OKGE.TRWE.TRWE3,
541,OKGE.VOLT.0026,
542,OKGE.VOLT.0027,
543,OKGE.VOLT.0028,
544,OKGE.VOLT.0029,
545,OKGE.VOLT.0030,
546,OKGE.VOLT.0031,
547,OKGE.VOLT.0033,
548,OKGE.VOLT.0034,
549,OKGE.VOLT.0035,
550,OKGE.VOLT.0036,
551,OKGE.VOLT.0037,
552,OKGE.VOLT.0038,
553,OKGE.VOLT.0039,
554,OKGE.VOLT.0040,
555,OKGE.VOLT.0041,
556,OKGE.VOLT.0043,
557,OKGE.VOLT.0049,
558,OKGE.VOLT.0061,
559,OKGE.VOLT.0062,
560,OKGE.VOLT.0063,
561,OKGE.VOLT.0064,
562,OKGE.VOLT.0065,
563,OKGE.VOLT.0066,
564,OKGE.VOLT.0068,
565,OKGE.VOLT.0069,
566,OKGE.VOLT.0070,
567,OKGE.VOLT.0071,
568,OKGE.VOLT.0109,
569,OKGE.VOLT.0110,
570,OKGE.VOLT.0112,
571,OKGE.VOLT.0115,
572,OKGE.VOLT.0116,
573,OKGE.VOLT.0118,
574,OKGE.VOLT.0125,
575,OKGE.VOLT.0126,
576,OKGE.VOLT.0127,
577,OKGE.VOLT.0128,
578,OKGE.VOLT.0129,
579,OKGE.VOLT.0132,
580,OKGE.VOLT.0134,
581,OKGE.VOLT.0138,
582,OKGE.VOLT.0140,
583,OKGE.VOLT.0143,
584,OKGE.VOLT.0149,
585,OKGE.VOLT.0150,
586,OKGE.VOLT.0154,
587,OKGE.VOLT.0155,
588,OKGE.VOLT.0156,
589,OKGE.VOLT.0166,
590,OKGE.VOLT.0167,
591,OKGE.VOLT.0169,
592,OKGE.VOLT.0170,
593,OKGE.VOLT.0171,
594,OKGE.VOLT.0176,
595,OKGE.VOLT.0177,
596,OKGE.VOLT.0179,
597,OKGE.VOLT.0194,
598,OKGE.VOLT.0195,
599,OKGE.VOLT.0197,
600,OKGE.VOLT.0198,
601,OKGE.VOLT.0208,
602,OKGE.VOLT.0209,
603,OKGE.VOLT.0210,
604,OKGE.WFEC.MINCO4WIND,
605,OKGE.WFEC.SKLCRKWIND,
606,OKGE.WR.PCWF,
607,OKGE.WSNR.WSNR,
608,OKGECENTWIND,
609,OKGECWBYWIND,
610,OKGEHL6,
611,OKGEHL7,
612,OKGEHL8,
613,OKGEHL910,
614,OKGEKEENANWIND,
615,OKGEMCC,
616,OKGEMK4,
617,OKGEMK5,
618,OKGEMK6,
619,OKGEREDBUD1,
620,OKGEREDBUD2,
621,OKGEREDBUD3,
622,OKGEREDBUD4,
623,OKGESM1,
624,OKGESM2,
625,OKGESM3,
626,OKGESO1,
627,OKGESO2,
628,OKGESPIRITWIND,
629,OKGETALOGAWIND,
630,OKGETINK5A,
631,OKGETINK5B,
632,OKGEXROADSWIND,
633,OKGE_CHISHOLM,
634,OKGE_CPAR_PARIS,
635,OKGE_MINCO2,
636,OKGE_OKGE,
637,OKGE_ORIGINWIND,
638,OKGE_SEILING,
639,OMLP,
640,OMPA_AEL,
641,OMPA_CV_OKGE,
642,OMPA_GENHUB,
643,OMPA_KAW,
644,OMPA_KNGFISHER,
645,OMPA_LAMB_1,
646,OMPA_LAVERNE,
647,OMPA_MANGUM,
648,OMPA_PAWHUSKA,
649,OMPA_PONCACITY_1_3,
650,OMPA_PONCACITY_2,
651,OMPA_PONCACITY_4,
652,OMPA_SPP,
653,OMPA_WIND_FARM,
654,ONETA,
655,ONETA_2,
656,ONETA_3,
657,ONETA_4,
658,ONT,
659,OPPD.NO1,
660,OPPD.NO2,
661,OPPD.PLVIEW,
662,OPPD_GLDN,
663,OPPD_INV_PRZ1,
664,OPPD_NC_HST,
665,OPPD_NO_HST,
666,OPPD_OPPD,
667,OPPD_PAPIO,
668,OPPD_PAPIO2,
670,OVEC,
671,PARAGOULD,
672,PENSACOLA_1,
673,PENSACOLA_2,
674,PENSACOLA_3,
675,PENSACOLA_4,
676,PENSACOLA_5,
677,PENSACOLA_6,
678,PIGGOTT,
679,PJM,
680,PLUM,
681,POPLARBLUFF,
682,PSGO_MDUM_CEDARHLS,
683,PSGO_MDUM_DIAMWND,
684,PSGO_MDUM_GLENDC1,
685,PSGO_MDUM_GLENDC2,
686,PSGO_MDUM_LEWIS1,
687,PSGO_MDUM_LEWIS2,
688,PSGO_MDUM_MCTURB,
689,PSGO_MDUM_TSWF,
690,PSGO_TVA_CANRIVR,
691,PSLO_AECI_CSWS,
692,PSLO_AECI_MPS,
693,PSLO_AECI_OKGE,
694,PSLO_AECI_WFEC,
695,PSLO_EES_CSWS,
696,PSLO_MISO_WAUE_ALTM,
697,PSLO_MISO_WAUE_MDUM_NITS,
698,PSLO_MISO_WAUE_MECB,
699,PSLO_MISO_WAUE_MPCN,
700,PSLO_MISO_WAUE_OTPW,
701,PSLO_MISO_WAUE_RPGI,
702,PUPP,
704,SALINA_1,
705,SALINA_2,
706,SALINA_3,
707,SALINA_4,
708,SALINA_5,
709,SALINA_6,
710,SARPY_1,
711,SARPY_2,
712,SARPY_3,
713,SARPY_4,
714,SARPY_5,
715,SC,
716,SCEG,
718,SEC,
719,SECI.BLOO.CPBLOOM,
720,SECI.CBN3.CB3WIND,
721,SECI.GCMB.CIMARRONBEND1,
722,SECI.JCSOLAR,
723,SECI.KACY.CIM,
724,SECI.KCPS.CIMARRON,wind
725,SECI.KCPS.SPEARVILLE,wind
726,SECI.KCPS.SPEARVILLE3,
727,SECI.PRAT.PRAT5,
728,SECI.RUBART.RT01,
729,SECI.RUBART.RT02,
730,SECI.RUBART.RT03,
731,SECI.RUBART.RT04,
732,SECI.RUBART.RT05,
733,SECI.RUBART.RT06,
734,SECI.SEPC.SECIRT07,
735,SECI.SEPC.SECIRT08,
736,SECI.SEPC.SECIRT09,
737,SECI.SEPC.SECIRT10,
738,SECI.SEPC.SECIRT11,
739,SECI.SEPC.SECIRT12,
740,SECI.SUEZ.EFRK,
741,SECI.SUEZ.ISTR,
742,SECI.SUEZ.SLFR,
743,SECI.UCU.ENSIGNWIND,
744,SECI.UCU.GRAYWIND,
745,SECIGRDNCT1UN2,
746,SECIGRDNCT1UN3,
747,SECIGRDNCT1UN4,
748,SECIGRDNCT1UN5,
749,SECIHOLCOM1UN1,
750,SECI_CIMARRON,wind
751,SECI_SECI,
752,SECI_SMOKY,
753,SECI_SMOKY2,
754,SECI_TYRE_PRAT,
755,SEHA,
756,SEILINGII,
757,SERU,
758,SETH,
760,SMEP,
761,SOCO,
766,SPRM_JRCT1,
767,SPRM_JRCT2,
768,SPRM_MCCT1,
769,SPRM_MCCT2,
770,SPRM_NIXA,
771,SPRM_SPRM,
772,SPRM_SWCT1,
773,SPRM_SWCT2,
774,SPRM_SWPS1,
775,SPRM_SWPS2,
776,SPS.BCW1.BCW1,
777,SPS.BETH.BETH,
778,SPS.BLACKHAWK1,
779,SPS.BLACKHAWK2,
780,SPS.BONITA.LORENZO.WND,
781,SPS.BONITA.WILDCAT.WND,
782,SPS.CAPRKWND1,
783,SPS.CHAVES.SLR,
784,SPS.CIRRUSWIND,
785,SPS.CUNNGHAM1,
786,SPS.CUNNGHAM2,
787,SPS.CUNNGHAM3,
788,SPS.CUNNGHAM4,
789,SPS.ENGCARBON1,
790,SPS.GBTL.BETHEL,
791,SPS.GGPO.STOCKYARD10_11,
792,SPS.GGPO.STOCKYARD4,
793,SPS.GGPO.STOCKYARD5_6,
794,SPS.GGPO.STOCKYARD7_8,
795,SPS.GGPO.STOCKYARD9,
796,SPS.GPW1.GREATPLNS,
797,SPS.GPWA.GPWA,
798,SPS.GPWB.GPWB,
799,SPS.GPWC.GPWC,
800,SPS.GRVW.GRVW,
801,SPS.GSEC.ANT2,
802,SPS.GSEC.ANT3,
803,SPS.GSEC.ELK1,
804,SPS.GSEC.ELK2,
805,SPS.HALE.WND,
806,SPS.HARRNGTN1,
807,SPS.HARRNGTN2,
808,SPS.HARRNGTN3,
809,SPS.HMWI.HMWI,
810,SPS.HOBBS.CC,
811,SPS.JONES1,
812,SPS.JONES2,
813,SPS.JONES3,
814,SPS.JONES4,
815,SPS.LCEC.STERLINGWIND,
816,SPS.MADDOX1,
817,SPS.MADDOXCT2,
818,SPS.MAMMOTHWND,
819,SPS.NICHOLS1,
820,SPS.NICHOLS2,
821,SPS.NICHOLS3,
822,SPS.NUEN.WRI1,
823,SPS.ORPLFRISCO,
824,SPS.ORPLPRN1_2,
825,SPS.PALODURWND,
826,SPS.PANTEXWND,
827,SPS.PLANTX1,
828,SPS.PLANTX2,
829,SPS.PLANTX4,
830,SPS.PLSNTHLWND,
831,SPS.QUAYCNTY,
832,SPS.RALLSWIND,
833,SPS.RICHRDSN1,
834,SPS.ROSVELTWND,
835,SPS.ROSWLL.SLR,
836,SPS.SAGAMORE.WND,
837,SPS.SJUANWIND1,
838,SPS.SPINSPUR,
839,SPS.SUNE_SPS1,
840,SPS.SUNE_SPS2,
841,SPS.SUNE_SPS3,
842,SPS.SUNE_SPS4,
843,SPS.SUNE_SPS5,
844,SPS.SWBD.BD,
845,SPS.TNSK.LLANOWIND1UNIT,
846,SPS.TOLK1,
847,SPS.TOLK2,
848,SPS.TPS4.MILO,
849,SPS.VOLT.0001,
850,SPS.VOLT.0005,
851,SPS.VOLT.0006,
852,SPS.VOLT.0023,
853,SPS.VOLT.0024,
854,SPS.VOLT.0025,
855,SPS.VOLT.0033,
856,SPS.VOLT.0045,
857,SPS.VOLT.0046,
858,SPS.VOLT.0047,
859,SPS.VOLT.0052,
860,SPS.VOLT.0084,
861,SPS.VOLT.0085,
862,SPS.VOLT.0103,
863,SPS.VOLT.0104,
864,SPS.VOLT.0105,
865,SPS.VOLT.0113,
866,SPS.VOLT.0117,
867,SPS.VOLT.0131,
868,SPS.VOLT.0136,
869,SPS.VOLT.0137,
870,SPS.VOLT.0142,
871,SPS.VOLT.0163,
872,SPS.VOLT.0168,
873,SPS.VOLT.0180,
874,SPS.VOLT.0181,
875,SPS.VOLT.0182,
876,SPS.VOLT.0199,
877,SPS.VOLT.0200,
878,SPS.WFEC.CHAVES2SOLAR,
879,SPS.WILDORADO,
880,SPS.WTAMWIND,
881,SPS_SPS,
882,SPS_WTMN_SPS,
883,SSCN_NPPD,
884,SWPA.SIKE.GEN,
885,SWPA_SIKE_LOAD,
886,TAL,
887,TEC,
888,TPW_PETERSBURG,
889,TVA,
890,UCUHUB,
891,UCUHUB17,
892,UCUHUB18,
893,UCUHUB19,
894,UCUHUB20,
895,UCUHUB21,
896,UCUHUB22,
897,UCUHUB23,
898,WAUE.AWD1.AURAWIND,
899,WAUE.BEPM.AURORA,
900,WAUE.BEPM.AVS1,
901,WAUE.BEPM.AVS2,
902,WAUE.BEPM.BALDWIN,
903,WAUE.BEPM.BRADY1,
904,WAUE.BEPM.BRADY2,
905,WAUE.BEPM.BURKE,
906,WAUE.BEPM.CAMPBLCO,
907,WAUE.BEPM.CROSSWINDS,
908,WAUE.BEPM.CROWLAKE,
909,WAUE.BEPM.CULBERTSON1,
910,WAUE.BEPM.CULBERTSONWH,
911,WAUE.BEPM.DAYCOUNTY1,
912,WAUE.BEPM.DCS1,
913,WAUE.BEPM.EDGELEY,
914,WAUE.BEPM.EFW2,
915,WAUE.BEPM.ESTHERVILLE,
916,WAUE.BEPM.GARVINWH,
917,WAUE.BEPM.GGS1,
918,WAUE.BEPM.GGS2,
919,WAUE.BEPM.HIDEWOODWH,
920,WAUE.BEPM.HYDECOUNTY,
921,WAUE.BEPM.LAKOTA,
922,WAUE.BEPM.LCS1,
923,WAUE.BEPM.LCS2,
924,WAUE.BEPM.LCS3,
925,WAUE.BEPM.LCS4,
926,WAUE.BEPM.LCS5,
927,WAUE.BEPM.LCS6,
928,WAUE.BEPM.LINDAHL,
929,WAUE.BEPM.LOS1,
930,WAUE.BEPM.LOS2,
931,WAUE.BEPM.LRSE,
932,WAUE.BEPM.MADISON,
933,WAUE.BEPM.MANNINGWH,
934,WAUE.BEPM.NEAL4,
935,WAUE.BEPM.NTHBNDWND,
936,WAUE.BEPM.PEMBROOKWH,
937,WAUE.BEPM.PGS1,
938,WAUE.BEPM.PGS11,
939,WAUE.BEPM.PGS12,
940,WAUE.BEPM.PGS13,
941,WAUE.BEPM.PGS14_16,
942,WAUE.BEPM.PGS17_19,
943,WAUE.BEPM.PGS2,
944,WAUE.BEPM.PGS20_22,
945,WAUE.BEPM.PGS3,
946,WAUE.BEPM.PREVAIL,
947,WAUE.BEPM.PW1,
948,WAUE.BEPM.SIOUXLNDCT,
949,WAUE.BEPM.SIOUXLNDSLD,
950,WAUE.BEPM.SMS1,
951,WAUE.BEPM.SMS2,
952,WAUE.BEPM.STANTHONYWH,
953,WAUE.BEPM.SUNFLOWER,
954,WAUE.BEPM.SUPERIOR,
955,WAUE.BEPM.WEBSTERCITY,
956,WAUE.BEPM.WILTON1,
957,WAUE.BEPM.WILTON2,
958,WAUE.BEPM.WISDOM1,
959,WAUE.BEPM.WLDSPRNGS,
960,WAUE.BEPM.WOODLANDWH,
961,WAUE.BIGBEND.1_8,
962,WAUE.CRK1.CROCKER,
963,WAUE.FSE,
964,WAUE.FTPECK.1_3,
965,WAUE.FTPECK.4_5,
966,WAUE.FTRANDALL.1_2,
967,WAUE.FTRANDALL.3_8,
968,WAUE.GARRISON.1_3,
969,WAUE.GARRISON.4_5,
970,WAUE.GAVINSPT.1_3,
971,WAUE.HCPD.WESS,
972,WAUE.LCE.WILCK,
973,WAUE.MRES.EXR1,
974,WAUE.MRES.EXR2,
975,WAUE.MRES.EXR3,
976,WAUE.MRES.WTRN,
977,WAUE.NGRM.WILDSPRINGS,
978,WAUE.NMCA.ALGONA,
979,WAUE.NMCA.ALTAMUN,
980,WAUE.NMCA.BANCROFT,
981,WAUE.NMCA.COONRAPIDS,
982,WAUE.NMCA.GRAETTINGER,
983,WAUE.NMCA.GRUNDYCENTER,
984,WAUE.NMCA.LAURENS,
985,WAUE.NMCA.MILFORD,
986,WAUE.NMCA.NEAL4,
987,WAUE.NMCA.NEWHAMPTON,
988,WAUE.NMCA.SPENCER,
989,WAUE.NMCA.SUMNER,
990,WAUE.NMCA.WESTBEND,
991,WAUE.NMCA.WS4,
992,WAUE.NTWK,
993,WAUE.NWPS.AB1,
994,WAUE.NWPS.AB2,
995,WAUE.NWPS.AUR,
996,WAUE.NWPS.BEETHOVEN,
997,WAUE.NWPS.BIGSTONE1,
998,WAUE.NWPS.BRUL,
999,WAUE.NWPS.COYOTE1,
1000,WAUE.NWPS.GLAN,
1001,WAUE.NWPS.NEAL4,
1002,WAUE.NWPS.OTE,
1003,WAUE.NWPS.TITAN,
1004,WAUE.OAHE.1,
1005,WAUE.OAHE.2_7,
1006,WAUE.OPPD.GRPR1,
1007,WAUE.PCWF.PCWF,
1008,WAUE.SLWF.SLWF,
1009,WAUE.SUEZ.TPLH,
1010,WAUE.VOLT.0152,
1011,WAUE.VOLT.0172,
1012,WAUE_BEPM,
1013,WAUE_BEPM_NMCA,
1014,WAUE_BEPM_NMCA_CRMUBTC1,
1015,WAUE_EWA,
1016,WAUE_HCPD_NTWK,
1017,WAUE_HMMU,
1018,WAUE_MEAN_RFIA,
1019,WAUE_MECB,
1020,WAUE_MMPA,
1021,WAUE_MRES,
1022,WAUE_NSP_BERTHOLD,
1023,WAUE_NWMT_HLL,
1024,WAUE_NWPS_NTWK,
1025,WAUE_OTP,
1026,WAUE_OTPW,
1027,WAUE_UGPM,
1028,WAUE_UGPM_BEPM,
1029,WAUE_UGPM_BEPMNI,
1030,WAUE_UGPM_COSUPP,
1031,WAUE_UGPM_EWA,
1032,WAUE_UGPM_HARLAN,
1033,WAUE_UGPM_HCPD,
1034,WAUE_UGPM_HILINE,
1035,WAUE_UGPM_MMPA,
1036,WAUE_UGPM_MRES,
1037,WAUE_UGPM_NWPS,
1038,WAUE_UGPM_OTP,
1039,WFEC.BSWF.BSWF,
1040,WFEC.MVWP.MVWP,
1041,WFEC.PEOP.CENTRAHOMAEAST,
1042,WFEC.PEOP.CENTRAHOMAWEST,
1043,WFEC.PEOP.LELK,
1044,WFEC.PEOP.LITTLEDIXIE,
1045,WFEC.PEOP.STUART,
1046,WFEC_ANA_COMB_CYC_4,
1047,WFEC_ANA_COMB_CYC_5,
1048,WFEC_ANA_COMB_CYC_6,
1049,WFEC_ANA_GENCO_7,
1050,WFEC_ANA_GENCO_8,
1051,WFEC_ANA_ORME_10,
1052,WFEC_ANA_ORME_11,
1053,WFEC_ANA_ORME_9,
1054,WFEC_ANA_STEAM_PLANT,
1055,WFEC_BALKO_WIND_FARM,
1056,WFEC_BLUECAN_WIND_FARM,
1057,WFEC_BUFFBEAR_WIND_FARM,
1058,WFEC_CAPROCK_SOLAR,
1059,WFEC_ENMC,
1060,WFEC_GRANT_COUNTY_WIND,
1061,WFEC_HUGO_PLANT,
1062,WFEC_LC_GAS_PLANT,
1063,WFEC_MOORELAND_2,
1064,WFEC_MOORELAND_3,
1065,WFEC_MOORELAND_PLANT,
1066,WFEC_OKGE,
1067,WFEC_PEOP_LOAD,
1068,WFEC_REDHILLS_WIND_FARM,
1069,WFEC_RKYRIDGE_WIND_FARM,
1070,WFEC_WFEC,
1071,WFEC_WILDCAT_WIND_FARM,
1072,WR.AEPE.FLATRIDGE3,
1073,WR.CBW,
1074,WR.CPW,
1075,WR.EMP.CT1,
1076,WR.EMP.CT2,
1077,WR.EMP.CT3,
1078,WR.EMP.CT4,
1079,WR.EMP.CT5,
1080,WR.EMP.CT6,
1081,WR.EMP.CT7,
1082,WR.ERIE.EC,
1083,WR.ETNA.ASSET1,
1084,WR.FLATRIDGE3,
1085,WR.FRW.1,
1086,WR.FRW.2,
1087,WR.GEEC.GT1,
1088,WR.GEEC.GT2,
1089,WR.GEEC.GT3,
1090,WR.GSEC.DIAMONDVIST,
1091,WR.HBWA.HBWA,
1092,WR.HEC.GT1,
1093,WR.HEC.GT2,
1094,WR.HEC.GT3,
1095,WR.HEC.GT4,
1096,WR.IRSH.IRSH,
1097,WR.IWW1.GEN,
1098,WR.JAYHAWK,
1099,WR.JEC.1,
1100,WR.JEC.2,
1101,WR.JEC.3,
1102,WR.KCW,
1103,WR.KMW.1,
1104,WR.KMW.2,
1105,WR.LEC.4,
1106,WR.LEC.5,
1107,WR.MCPH.CT1,
1108,WR.MCPH.CT2,
1109,WR.MCPH.CT3,
1110,WR.MCPH.CT4,
1111,WR.MIDW.SMOKY1.ENEL,
1112,WR.MIDW.SMOKY2.ENEL,
1113,WR.MW.COLBY.MW,
1114,WR.MW.GMEC.MW,
1115,WR.MW.GMEC2.MW,
1116,WR.MW.KSE.MW,
1117,WR.MW.SMOK2.CU,
1118,WR.MWE1.MARSHALLWIND,
1119,WR.MWW,
1120,WR.NSW,
1121,WR.PEOP.BUZZARDFLOP,
1122,WR.PRW.GEN,
1123,WR.READ.READ,
1124,WR.SHARPE.KEPC,
1125,WR.SOCW.SOCW,
1126,WR.SPRM.ETNADVISTA,
1127,WR.SWITCHGRASS,
1128,WR.THAYERLD,
1129,WR.VOLT.0013,
1130,WR.VOLT.0014,
1131,WR.VOLT.0015,
1132,WR.VOLT.0017,
1133,WR.VOLT.0018,
1134,WR.VOLT.0019,
1135,WR.VOLT.0021,
1136,WR.VOLT.0054,
1137,WR.VOLT.0087,
1138,WR.VOLT.0093,
1139,WR.VOLT.0094,
1140,WR.VOLT.0095,
1141,WR.VOLT.0096,
1142,WR.VOLT.0098,
1143,WR.VOLT.0101,
1144,WR.VOLT.0102,
1145,WR.VOLT.0106,
1146,WR.VOLT.0108,
1147,WR.VOLT.0119,
1148,WR.VOLT.0120,
1149,WR.VOLT.0139,
1150,WR.VOLT.0141,
1151,WR.VOLT.0146,
1152,WR.VOLT.0147,
1153,WR.VOLT.0148,
1154,WR.VOLT.0153,
1155,WR.VOLT.0157,
1156,WR.VOLT.0158,
1157,WR.VOLT.0159,
1158,WR.VOLT.0165,
1159,WR.VOLT.0173,
1160,WR.VOLT.0174,
1161,WR.VOLT.0184,
1162,WR.VOLT.0185,
1163,WR.VOLT.0186,
1164,WR.VOLT.0187,
1165,WR.VOLT.0188,
1166,WR.VOLT.0189,
1167,WR.VOLT.0190,
1168,WR.VOLT.0191,
1169,WR.VOLT.0192,
1170,WR.VOLT.0196,
1171,WR.WMRM.1,
1172,WR.WOLF,
1173,WR.WPW,
1174,WR_CH_CHAN14GT,
1175,WR_FLATRIDGE2SWPCO1,
1176,WR_FLATRIDGE2SWPCO2,
1177,WR_FLATRIDGE2TSA,
1178,WR_FLATRIDGESOUTH,
1179,WR_KPP_NITS,
1180,WR_KPP_SESC,
1181,WR_KP_AUGICN1,
1182,WR_KP_AUGICN2,
1183,WR_KP_AUGICN3,
1184,WR_KP_AUGICN4,
1185,WR_KP_CCPUCIC1,
1186,WR_KP_CCPUCIC2,
1187,WR_KP_CCPUCIC3,
1188,WR_KP_CCPUCIC4,
1189,WR_KP_CCPUCIC5,
1190,WR_KP_CCPUCIC8,
1191,WR_KP_WELLTNGT,
1192,WR_KP_WELLTNST,
1193,WR_KP_WINFLDGT,
1194,WR_KP_WINFLDST,
1195,WR_MIDW,
1196,WR_MOPEP_KCPL,
1197,WR_MOPEP_MPS,
1198,WR_MW_KPP_NITS,
1199,WR_SEG,
1200,WR_WR,
1201,YAD,
